,Year,"Yearly % 
Change","Yearly
Change",Migrants (net),Median Age,Fertility Rate,Density (P/Km²),"Urban
Pop %",Urban Population,"Country's Share of
World Pop","India
Global Rank",Population
Year,1.0,-0.8975780626824836,-0.18073491490865648,-0.7873095749308556,0.9376322309939698,-0.9503688477197852,0.9926359077055834,0.9709551312424592,0.9747437214989044,0.8365473320305346,-0.6672014490432973,0.9926346372884733
"Yearly % 
Change",-0.8975780626824836,1.0,0.5126266265736835,0.8436160673083044,-0.9659376325075745,0.8369296943359019,-0.8950656473884674,-0.9269803642853668,-0.9458445614899218,-0.6648342692429934,0.7110490168808528,-0.8949231865316979
"Yearly
Change",-0.18073491490865648,0.5126266265736835,1.0,0.03672602935032145,-0.5001745853857321,-0.03320696469588743,-0.1186021647361014,-0.38682438479876335,-0.38924497039029055,0.29903752858613725,0.6305118370290563,-0.11816992150421034
Migrants (net),-0.7873095749308556,0.8436160673083044,0.03672602935032145,1.0,-0.7361078664918331,0.8679833600625354,-0.8310090567637967,-0.7195662934558941,-0.7539332674550095,-0.845992024824253,0.27708425211715026,-0.8312164353637793
Median Age,0.9376322309939698,-0.9659376325075745,-0.5001745853857321,-0.7361078664918331,1.0,-0.8235054571394068,0.9119234045038204,0.9853990753805257,0.9898714149132118,0.6344755404626085,-0.8178473883192123,0.9117719182649224
Fertility Rate,-0.9503688477197852,0.8369296943359019,-0.03320696469588743,0.8679833600625354,-0.8235054571394068,1.0,-0.9790676414416113,-0.8583121570802167,-0.8742071483057344,-0.9580888063105315,0.44873219076445464,-0.9791819764259317
Density (P/Km²),0.9926359077055834,-0.8950656473884674,-0.1186021647361014,-0.8310090567637967,0.9119234045038204,-0.9790676414416113,1.0,0.9414803370794357,0.9513712650974324,0.8888640518936225,-0.6053830319421196,0.9999980575544165
"Urban
Pop %",0.9709551312424592,-0.9269803642853668,-0.38682438479876335,-0.7195662934558941,0.9853990753805257,-0.8583121570802167,0.9414803370794357,1.0,0.9979891303240962,0.6883917215025834,-0.7933128229040788,0.9414061524496713
Urban Population,0.9747437214989044,-0.9458445614899218,-0.38924497039029055,-0.7539332674550095,0.9898714149132118,-0.8742071483057344,0.9513712650974324,0.9979891303240962,1.0,0.7081650773930128,-0.7819080317461244,0.9512772924755745
"Country's Share of
World Pop",0.8365473320305346,-0.6648342692429934,0.29903752858613725,-0.845992024824253,0.6344755404626085,-0.9580888063105315,0.8888640518936225,0.6883917215025834,0.7081650773930128,1.0,-0.2317771219760269,0.8890820557506278
"India
Global Rank",-0.6672014490432973,0.7110490168808528,0.6305118370290563,0.27708425211715026,-0.8178473883192123,0.44873219076445464,-0.6053830319421196,-0.7933128229040788,-0.7819080317461244,-0.2317771219760269,1.0,-0.6048554838191262
Population,0.9926346372884733,-0.8949231865316979,-0.11816992150421034,-0.8312164353637793,0.9117719182649224,-0.9791819764259317,0.9999980575544165,0.9414061524496713,0.9512772924755745,0.8890820557506278,-0.6048554838191262,1.0
